{"cameraMode":{"drawMode":0,"name":"Shaded","section":"Shading Mode"},"sceneLighting":false,"audioPlay":false,"sceneViewState":{"m_AlwaysRefresh":false,"showFog":true,"showSkybox":false,"showFlares":true,"showImageEffects":true,"showParticleSystems":true,"showVisualEffectGraphs":true,"m_FxEnabled":true},"in2DMode":false,"pivot":{"x":1.2079720497131348,"y":0.16630148887634278,"z":0.7908191680908203},"rotation":{"x":-0.1856265664100647,"y":0.7858601808547974,"z":-0.2813614308834076,"w":-0.5184713006019592},"size":3.8390283584594728,"orthographic":false}