{"cameraMode":{"drawMode":0,"name":"Shaded","section":"Shading Mode"},"sceneLighting":false,"audioPlay":false,"sceneViewState":{"m_AlwaysRefresh":false,"showFog":true,"showSkybox":false,"showFlares":true,"showImageEffects":true,"showParticleSystems":true,"showVisualEffectGraphs":true,"m_FxEnabled":true},"in2DMode":false,"pivot":{"x":-0.480864554643631,"y":0.04349565505981445,"z":74.03783416748047},"rotation":{"x":0.01351192593574524,"y":-0.9854913949966431,"z":0.13988260924816132,"w":0.09519372880458832},"size":7.753105163574219,"orthographic":true}