{"cameraMode":{"drawMode":0,"name":"Shaded","section":"Shading Mode"},"sceneLighting":false,"audioPlay":false,"sceneViewState":{"m_AlwaysRefresh":false,"showFog":true,"showSkybox":false,"showFlares":true,"showImageEffects":true,"showParticleSystems":true,"showVisualEffectGraphs":true,"m_FxEnabled":true},"in2DMode":false,"pivot":{"x":-2.371896743774414,"y":-0.6815023422241211,"z":5.750180244445801},"rotation":{"x":-0.10475268214941025,"y":0.08254314213991165,"z":-0.008724669925868512,"w":-0.9910320043563843},"size":11.737208366394043,"orthographic":false}