{"cameraMode":{"drawMode":0,"name":"Shaded","section":"Shading Mode"},"sceneLighting":false,"audioPlay":false,"sceneViewState":{"m_AlwaysRefresh":false,"showFog":true,"showSkybox":false,"showFlares":true,"showImageEffects":true,"showParticleSystems":true,"showVisualEffectGraphs":true,"m_FxEnabled":true},"in2DMode":false,"pivot":{"x":-0.2884340286254883,"y":1.1600947380065919,"z":94.11753845214844},"rotation":{"x":-0.053721897304058078,"y":-0.0963016152381897,"z":0.005205884575843811,"w":-0.993890106678009},"size":4.745625972747803,"orthographic":true}