{"cameraMode":{"drawMode":0,"name":"Shaded","section":"Shading Mode"},"sceneLighting":false,"audioPlay":false,"sceneViewState":{"m_AlwaysRefresh":false,"showFog":true,"showSkybox":false,"showFlares":true,"showImageEffects":true,"showParticleSystems":true,"showVisualEffectGraphs":true,"m_FxEnabled":true},"in2DMode":false,"pivot":{"x":0.32977253198623659,"y":1.6381502151489258,"z":0.006738424301147461},"rotation":{"x":0.1369512677192688,"y":0.32482820749282839,"z":-0.04759891703724861,"w":0.934593915939331},"size":1.4279426336288453,"orthographic":true}