{"cameraMode":{"drawMode":0,"name":"Shaded","section":"Shading Mode"},"sceneLighting":false,"audioPlay":false,"sceneViewState":{"m_AlwaysRefresh":false,"showFog":true,"showSkybox":false,"showFlares":true,"showImageEffects":true,"showParticleSystems":true,"showVisualEffectGraphs":true,"m_FxEnabled":true},"in2DMode":false,"pivot":{"x":0.46623992919921877,"y":2.347352981567383,"z":162.48056030273438},"rotation":{"x":-0.2081892490386963,"y":0.36828556656837466,"z":-0.08499306440353394,"w":-0.9021097421646118},"size":11.84470272064209,"orthographic":false}