{"cameraMode":{"drawMode":0,"name":"Shaded","section":"Shading Mode"},"sceneLighting":false,"audioPlay":false,"sceneViewState":{"m_AlwaysRefresh":false,"showFog":true,"showSkybox":false,"showFlares":true,"showImageEffects":true,"showParticleSystems":true,"showVisualEffectGraphs":true,"m_FxEnabled":true},"in2DMode":false,"pivot":{"x":-2.3331096172332765,"y":0.6649745106697083,"z":2.6525864601135256},"rotation":{"x":0.19197846949100495,"y":0.17847906053066255,"z":-0.035528749227523807,"w":0.9643821716308594},"size":2.884636163711548,"orthographic":true}