{"cameraMode":{"drawMode":0,"name":"Shaded","section":"Shading Mode"},"sceneLighting":false,"audioPlay":false,"sceneViewState":{"m_AlwaysRefresh":false,"showFog":true,"showSkybox":false,"showFlares":true,"showImageEffects":true,"showParticleSystems":true,"showVisualEffectGraphs":true,"m_FxEnabled":true},"in2DMode":false,"pivot":{"x":6.131346702575684,"y":0.9196000099182129,"z":-7.8805646896362309},"rotation":{"x":0.22052448987960816,"y":0.28198572993278506,"z":-0.06676896661520004,"w":0.9313395619392395},"size":13.891645431518555,"orthographic":false}