{"cameraMode":{"drawMode":0,"name":"Shaded","section":"Shading Mode"},"sceneLighting":false,"audioPlay":false,"sceneViewState":{"m_AlwaysRefresh":false,"showFog":true,"showSkybox":false,"showFlares":true,"showImageEffects":true,"showParticleSystems":true,"showVisualEffectGraphs":true,"m_FxEnabled":true},"in2DMode":false,"pivot":{"x":0.49231693148612978,"y":0.47159767150878909,"z":8.877324104309082},"rotation":{"x":-0.014843635261058808,"y":0.9798063039779663,"z":-0.07953831553459168,"w":-0.1828538477420807},"size":4.511564254760742,"orthographic":true}