{"cameraMode":{"drawMode":0,"name":"Shaded","section":"Shading Mode"},"sceneLighting":false,"audioPlay":false,"sceneViewState":{"m_AlwaysRefresh":false,"showFog":true,"showSkybox":false,"showFlares":true,"showImageEffects":true,"showParticleSystems":true,"showVisualEffectGraphs":true,"m_FxEnabled":true},"in2DMode":false,"pivot":{"x":0.08456671237945557,"y":1.3707327842712403,"z":2.0873284339904787},"rotation":{"x":-0.009302145801484585,"y":0.03958630934357643,"z":-0.0003682070237118751,"w":-0.999175488948822},"size":10.150470733642579,"orthographic":false}