{"cameraMode":{"drawMode":0,"name":"Shaded","section":"Shading Mode"},"sceneLighting":false,"audioPlay":false,"sceneViewState":{"m_AlwaysRefresh":false,"showFog":true,"showSkybox":false,"showFlares":true,"showImageEffects":true,"showParticleSystems":true,"showVisualEffectGraphs":true,"m_FxEnabled":true},"in2DMode":false,"pivot":{"x":-4.801054000854492,"y":-4.061390399932861,"z":9.083087921142579},"rotation":{"x":0.10107702016830445,"y":-0.05369653180241585,"z":0.005463452078402042,"w":0.9934136867523193},"size":19.210859298706056,"orthographic":true}