{"cameraMode":{"drawMode":0,"name":"Shaded","section":"Shading Mode"},"sceneLighting":false,"audioPlay":false,"sceneViewState":{"m_AlwaysRefresh":false,"showFog":true,"showSkybox":false,"showFlares":true,"showImageEffects":true,"showParticleSystems":true,"showVisualEffectGraphs":true,"m_FxEnabled":true},"in2DMode":false,"pivot":{"x":-1.0755589008331299,"y":-2.1886258125305177,"z":3.296060562133789},"rotation":{"x":-0.11841380596160889,"y":-0.04407437518239021,"z":0.005261457059532404,"w":-0.9919739961624146},"size":7.965646743774414,"orthographic":false}