{"cameraMode":{"drawMode":0,"name":"Shaded","section":"Shading Mode"},"sceneLighting":false,"audioPlay":false,"sceneViewState":{"m_AlwaysRefresh":false,"showFog":true,"showSkybox":false,"showFlares":true,"showImageEffects":true,"showParticleSystems":true,"showVisualEffectGraphs":true,"m_FxEnabled":true},"in2DMode":false,"pivot":{"x":-2.066781997680664,"y":-0.0624580979347229,"z":-0.06435239315032959},"rotation":{"x":-0.054607924073934558,"y":-0.7926034927368164,"z":0.07177505642175675,"w":-0.6030336022377014},"size":2.1825931072235109,"orthographic":false}