{"cameraMode":{"drawMode":0,"name":"Shaded","section":"Shading Mode"},"sceneLighting":false,"audioPlay":false,"sceneViewState":{"m_AlwaysRefresh":false,"showFog":true,"showSkybox":false,"showFlares":true,"showImageEffects":true,"showParticleSystems":true,"showVisualEffectGraphs":true,"m_FxEnabled":true},"in2DMode":false,"pivot":{"x":21.06848907470703,"y":-9.577469825744629,"z":49.38871765136719},"rotation":{"x":0.13181951642036439,"y":0.24586698412895204,"z":-0.033770907670259479,"w":0.9597052335739136},"size":25.013097763061525,"orthographic":false}