{"cameraMode":{"drawMode":0,"name":"Shaded","section":"Shading Mode"},"sceneLighting":false,"audioPlay":false,"sceneViewState":{"m_AlwaysRefresh":false,"showFog":true,"showSkybox":false,"showFlares":true,"showImageEffects":true,"showParticleSystems":true,"showVisualEffectGraphs":true,"m_FxEnabled":true},"in2DMode":false,"pivot":{"x":-0.09995269775390625,"y":1.465106725692749,"z":9.436511039733887},"rotation":{"x":0.09854419529438019,"y":0.42967355251312258,"z":-0.047238193452358249,"w":0.8963474035263062},"size":1.3396974802017213,"orthographic":true}