{"cameraMode":{"drawMode":0,"name":"Shaded","section":"Shading Mode"},"sceneLighting":false,"audioPlay":false,"sceneViewState":{"m_AlwaysRefresh":false,"showFog":true,"showSkybox":false,"showFlares":true,"showImageEffects":true,"showParticleSystems":true,"showVisualEffectGraphs":true,"m_FxEnabled":true},"in2DMode":false,"pivot":{"x":13.383185386657715,"y":-6.7633490562438969,"z":-2.1437416076660158},"rotation":{"x":0.15261679887771607,"y":0.38448718190193179,"z":-0.0646151751279831,"w":0.9081312417984009},"size":11.454228401184082,"orthographic":false}