{"cameraMode":{"drawMode":0,"name":"Shaded","section":"Shading Mode"},"sceneLighting":false,"audioPlay":false,"sceneViewState":{"m_AlwaysRefresh":false,"showFog":true,"showSkybox":false,"showFlares":true,"showImageEffects":true,"showParticleSystems":true,"showVisualEffectGraphs":true,"m_FxEnabled":true},"in2DMode":false,"pivot":{"x":-7.256089687347412,"y":-1.3049931526184083,"z":10.511011123657227},"rotation":{"x":-0.009316052310168743,"y":0.9906569719314575,"z":-0.10020730644464493,"w":-0.09209585189819336},"size":10.941112518310547,"orthographic":false}