{"cameraMode":{"drawMode":0,"name":"Shaded","section":"Shading Mode"},"sceneLighting":false,"audioPlay":false,"sceneViewState":{"m_AlwaysRefresh":false,"showFog":true,"showSkybox":false,"showFlares":true,"showImageEffects":true,"showParticleSystems":true,"showVisualEffectGraphs":true,"m_FxEnabled":true},"in2DMode":false,"pivot":{"x":-1.8823459148406983,"y":-3.1721343994140627,"z":13.575942993164063},"rotation":{"x":0.3306296467781067,"y":-0.19069209694862367,"z":0.06840063631534577,"w":0.9217618703842163},"size":21.180198669433595,"orthographic":true}