{"cameraMode":{"drawMode":0,"name":"Shaded","section":"Shading Mode"},"sceneLighting":true,"audioPlay":false,"sceneViewState":{"m_AlwaysRefresh":false,"showFog":true,"showSkybox":true,"showFlares":true,"showImageEffects":true,"showParticleSystems":true,"showVisualEffectGraphs":true,"m_FxEnabled":true},"in2DMode":false,"pivot":{"x":0.9801755547523499,"y":1.1601171493530274,"z":0.03275001049041748},"rotation":{"x":0.08661457896232605,"y":-0.4542841613292694,"z":0.04443243145942688,"w":0.8855277299880981},"size":16.34421157836914,"orthographic":true}