{"cameraMode":{"drawMode":0,"name":"Shaded","section":"Shading Mode"},"sceneLighting":true,"audioPlay":false,"sceneViewState":{"m_AlwaysRefresh":false,"showFog":true,"showSkybox":true,"showFlares":true,"showImageEffects":true,"showParticleSystems":true,"showVisualEffectGraphs":true,"m_FxEnabled":true},"in2DMode":false,"pivot":{"x":-14.271944046020508,"y":26.047012329101564,"z":63.044307708740237},"rotation":{"x":0.35746830701828005,"y":0.40395134687423708,"z":-0.17533044517040254,"w":0.8235899209976196},"size":1.9757517576217652,"orthographic":false}