{"cameraMode":{"drawMode":0,"name":"Shaded","section":"Shading Mode"},"sceneLighting":true,"audioPlay":false,"sceneViewState":{"m_AlwaysRefresh":false,"showFog":true,"showSkybox":true,"showFlares":true,"showImageEffects":true,"showParticleSystems":true,"showVisualEffectGraphs":true,"m_FxEnabled":true},"in2DMode":false,"pivot":{"x":-1.1140871047973633,"y":4.278965473175049,"z":-1.6967945098876954},"rotation":{"x":0.0019146684790030122,"y":0.9416687488555908,"z":0.005358469672501087,"w":-0.3364960849285126},"size":5.73165225982666,"orthographic":false}