{"cameraMode":{"drawMode":0,"name":"Shaded","section":"Shading Mode"},"sceneLighting":false,"audioPlay":false,"sceneViewState":{"m_AlwaysRefresh":false,"showFog":true,"showSkybox":false,"showFlares":true,"showImageEffects":true,"showParticleSystems":true,"showVisualEffectGraphs":true,"m_FxEnabled":true},"in2DMode":false,"pivot":{"x":0.19653818011283875,"y":0.3165072500705719,"z":107.8036880493164},"rotation":{"x":0.1512913554906845,"y":0.18068525195121766,"z":-0.02814020961523056,"w":0.9714283347129822},"size":10.487672805786133,"orthographic":true}